job title,Experience Needed,Location,Posted date,Salary,Company,Job type,Description,Requirements,Job link
Senior Machine Learning Engineer,More Than 5 Years,"New Cairo, Cairo, Egypt",6 days ago,Confidential,Media Sci,Full Time,"Designing ML systems.
Researching and implementing ML algorithms and tools.
Selecting appropriate data sets.
Picking appropriate data representation methods.
Identifying differences in data distribution that affects model performance.
Verifying data quality.
Transforming and converting data science prototypes.
Performing statistical analysis.
Running machine learning tests.
Using results to improve models.
Training and retraining systems when needed.
Extending machine learning libraries.
Developing machine learning apps according to client requirements.","5+ years of related experience,
Graduate of computer science or a related engineering discipline.
OOP concepts and design patterns.
Web Services (REST and SOAP).
MySQL, Elasticsearch, JUnit, Maven, and GIT.
Machine learning techniques and algorithms such as k-NN, Naive Bayes, SVM, Decision Trees, etc
Deep learning frameworks like Deeplearning4j, PyTorch, TensorFlow, etc.
Python and Jupyter Notebook.
NLP, transformers, pandas, numpy.
Data parsing, scraping, and wrangling",https://wuzzuf.net/jobs/p/YDxhBIJimaOR-Senior-Machine-Learning-Engineer-Media-Sci-Cairo-Egypt?o=1&l=sp&t=sj&a=Machine Learning Engineer|search-v3|navbg
Machine Learning Engineer,3 To 7 Years,"Dokki, Giza, Egypt",6 days ago,Confidential,Edentech,Work From Home,"Designing, developing, and researching Machine Learning systems, models, and schemes
Studying, transforming, and converting data science prototypes
Research and implement appropriate ML algorithms and tools
Performing statistical analysis and using results to improve models.
Identifying differences in data distribution that could affect model performance in real-world situations
Analyzing the use cases of ML algorithms and ranking them by their success probability
Understanding when your findings can be applied to business decisions
Verifying data quality and/or ensuring it via data cleaning.
Understand and use computer science fundamentals, including data structures, algorithms, computability and complexity and computer architecture
Use exceptional mathematical skills, in order to perform computations and work with the algorithms involved in this type of programming
Produce project outcomes and isolate the issues that need to be resolved, in order to make programs more effective
Collaborate with data engineers to build data and model pipelines
Manage the infrastructure and data pipelines needed to bring code to production
Build algorithms based on statistical modelling procedures and build and maintain scalable machine learning solutions in production
Use data modelling and evaluation strategy to find patterns and predict unseen instances
Apply machine learning algorithms and libraries
Communicate and explain complex processes to people who are not programming experts
Analyse large, complex datasets to extract insights and decide on the appropriate technique
Research and implement best practices to improve the existing machine learning infrastructure","Education: computer engineering or computer science 
Skills:
Advanced proficiency with Python and Java code writing.
Extensive knowledge of ML frameworks, libraries, data structures, data modeling, and software architecture.
Familiarity with machine learning frameworks  PyTorch and libraries (like scikit-learn)
In-depth knowledge of mathematics, statistics, and algorithms.
Superb analytical and problem-solving abilities.
Great communication and collaboration skills.
Excellent time management and organizational abilities.
Knowledge in SQL and NoSQL databases",https://wuzzuf.net/jobs/p/63GDVXe1mip9-Machine-Learning-Engineer-Edentech-Giza-Egypt?o=2&l=sp&t=sj&a=Machine Learning Engineer|search-v3|navbg
Software Team Lead,8 To 12 Years,"Maadi, Cairo, Egypt",7 days ago,"Confidential, Competitive Salary - Medical Insurance",TMentors,Full Time,"As an engineer, do you want to build AI-driven products? Do you want to collaborate closely with Machine Learning Research Scientists with close ties to the University of Edinburgh?
Do you want to use your software skills where they will have a real impact on the business’s bottom line and the performance of a global online marketplace?

We’re looking for an amazing self-driven lead software developer who loves crafting cutting-edge user experiences.
Help build a platform with a Data-centric, Machine Learning focus
Get feedback from, and build solutions for, users and customers
Stay up-to-date on emerging technologies
Cairo office, with work from home option
You might be a great fit for this job if:
You lead with humility and confidence.
You care about Continual learning and improvement
You care about Code Refactoring and Continually delivering high-quality code.
Our engineers have the opportunity (and are expected) to exercise a high degree of ownership and expertise in their daily work, having strongly held and defensible ideas, and advocating for what they believe is right. But they also need to be eager to hear differing opinions, adept at identifying and evaluating trade-offs, willing to be proven wrong, and quick to walk through fire to help out their fellow teammates.
Position Summary:
As the most senior-level system programming position, a Lead provides technical direction, planning, and vision to programming departments. As a lead programmer on new projects, you shall create, maintain, and own technical specifications, designs, and schedules. Shall have direct management responsibility. Forges strong relationships across departments and with other companies. Communicates programming needs and interests to the product team and others. Anticipates and acts upon issues that arise, providing alternative approaches and solutions.
Architects and implements significant portions of code, leveraging work across many products. Is the expert in a vital technology area, acting as the chief resource to others internally and externally. Communicates a clear vision of how the technology can be optimally applied to products. Evaluates and creates new tools and techniques to facilitate effective development practices. Sets the standard for the highest quality of work.
Leads by example!","B.S./M.S. in Computer Science, proven experience in successfully completing the development of two or more complex commercial applications or technologies, or equivalent applicable experience.
Thorough knowledge of two or more platforms (Windows, Mac, Linux). Expert knowledge of one platform is required. Understands cross-platform issues and is able to learn new platforms quickly.
Excellent knowledge of web technologies, such as HTML, CSS, and Javascript, modern libraries (Angular, React, etc) as well as Internet technologies, communication protocols, and techniques.
Excellent knowledge of database methodology and database systems. 
Excellent analysis, project planning, and schedule estimating skills as applied to multi-person projects. Ability to anticipate and resolve project roadblocks.
Expert knowledge of .NET, C# and debugging techniques is a must
Expert in current software design practices, including modularity, event-driven architecture, object-oriented design, multimedia techniques and asset management, interface design, localization, portability, optimization, extensibility, and testability. Stays abreast of industry innovations and developments.
Strong communication skills, especially in representing their expertise to a wide range of people. Has forged relationships with development personnel throughout the industry.
Self-motivated; works independently.
Enthusiastic about the company and programming company products.
Generates, enhances, and promotes ideas for worthwhile new projects and technologies. 
Watches for upcoming changing conditions and helps plan needed adaptations.",https://wuzzuf.net/jobs/p/tDpJrj9GeBO6-Software-Team-Lead-TMentors-Cairo-Egypt?o=3&l=sp&t=sj&a=Machine Learning Engineer|search-v3|navbg
Python Developer - Internship,Not Specified,"Maadi, Cairo, Egypt",4 days ago,"Paid, Competitive Salary",TMentors,Full Time,"Job Description:
This position is for self-motivated and passionate Students/Fresh graduates looking to get involved in an internship with real-world projects and gain experience working with established code bases and industrial best practices.
At TMentors, we are looking for a Python Developer to join our engineering team and help us develop and maintain various repositories written in python.
Python Developer Intern responsibilities include writing and testing code, debugging programs and integrating applications with third-party web services. To be successful in this role, you should be a fast learner and work well in a team.
Ultimately, you’ll build robust python scripts that align with our business needs and are shippable to clients.
The intern will learn:
Following best coding practices
Enterprise design patterns that center scalability and testability as a guiding compass
Architecting and organizing code into extensible and robust modules
Read and work with 3rd part APIs
Evaluate, critically appraise and choose between various approaches for solving the same problems
Build an aptitude for spotting bad coding practices
Refactoring, developing and testing software components in an agile environment","Required
Fresh graduates or Enrolled in an undergraduate degree (preferably in a penultimate year) in computer science, computer engineering, or a relevant field
Understanding of at least one object-oriented programming language
Team spirit
Good problem-solving skills
BSc in Computer Science, Engineering, or a relevant field
Hunger to learn and contribute
Understanding of data structures and algorithms
Preferred
Understanding and experience working with data engineering libraries such as NumPy, pandas, and Apache spark
Basic understanding of ETL pipelines
A portfolio of projects either extracurricular or advanced coursework",https://wuzzuf.net/internship/ks2Azi1kboPo-Python-Developer---Internship-TMentors-Cairo-Egypt?o=4&l=sp&t=sj&a=Machine Learning Engineer|search-v3|navbg
Junior Production Engineer,0 To 1 Year,"Obour City, Cairo, Egypt",8 days ago,Male,Delta Egypt For Lighting,Internship,"Set the floor plan to allow the most efficient assembly process
Set and monitor production schedule
Coach and train new workers on best practices","Bachelor’s degree in mechanical engineering.
Excellent communication and interpersonal skills
Ability to learn.
Ability to work in a team.
Gender (Male).
Transportation is provided out of Obour City.
Salary Negotiable
Has previous expertise in production with manual assembly lines (not a must)
Has previous expertise in machinery (press brakes, shearing, and press machines) (
Knowing 5S criteria is a must (preferable to have courses)
Very good profile, with great social interacting skills.
Worked with ERP in his previous expertise.
Has a good command of AutoCAD
Has a good command of Ms Office (word, excel, powerpoint, ..etc.)
Has a background in ISO 90001 (worked in such places that took this certificate)
Production section major is preferable, electrical is okay",https://wuzzuf.net/jobs/p/45lysRZRecXG-Junior-Production-Engineer-Delta-Egypt-For-Lighting-Cairo-Egypt?o=5&l=sp&t=sj&a=Machine Learning Engineer|search-v3|navbg
Senior Research Scientist,More Than 4 Years,"Cairo, Egypt",7 days ago,Confidential,Atomica,Full Time,"Atomica.ai is a US-based company that helps doctors provide the best patient care possible using the power of AI, Robotics, and 3D Printing. 

As a senior research scientist, you will have the opportunity to conduct applied research in any of our fields, including machine learning, image segmentation, image registration, 3D reconstruction, computational geometry, robotics, and many more.
Typical tasks include:
Researching and solving a wider range of complex problems in any of the following fields of image processing, computer graphics, computer vision, computational geometry, and robotics.
Designing and implementing state-of-the-art solutions and algorithms
Working in close collaboration with software engineers to build solutions
What we offer
Utilize your technical skills to contribute to creative and exciting projects to improve patients’ lives
See your work integrated into actual medical products used during surgeries
Be part of a young, dynamic, and highly skilled team where you can both have an impact and continue to learn
Benefit from flexible working hours
Earn a competitive salary based on your experience","Skills and requirements
Msc or PhD in a relevant field (e.g. Computer Science, Machine Learning, Applied Mathematics, Engineering)
Strong Track record in your area of research.
Strong programming skills, especially in C++
Ability to conduct applied research independently",https://wuzzuf.net/jobs/p/WjuL0LeHiwuo-Senior-Research-Scientist-Atomica-Cairo-Egypt?o=6&l=sp&t=sj&a=Machine Learning Engineer|search-v3|navbg
Data Scientist,More Than 3 Years,"Nasr City, Cairo, Egypt",11 days ago,Confidential,BlinkApp,Full Time,"Selecting features, building and optimizing models using machine learning techniques 
Data mining using state-of-the-art methods
Enhancing data collection procedures to include information that is relevant for building analytic systems
Processing, cleansing, and verifying the integrity of data used for analysis
Doing ad-hoc analysis and presenting results in a clear manner
Creating automated anomaly detection systems and constant tracking of its performance","Bachelor or Master’s Degree with an emphasis on Computer Science or Engineering
At least three years’ experience in data science projects
Excellent understanding of machine learning techniques and algorithms, such as Gradient boosting, Naive Bayes, RNNs, CNNs, k-NN, SVM, Random Forests, etc.
Experience with common data science toolkits, such as (NumPy, Matplotlib, pandas, Tensorflow/Pytorch, sklearn,seaborn, …etc.)
 Experience with NLP.
 Experience with Dataiku data science studio.
 Great communication skills 
Experience with data visualization tools, such as D3.js, Tableau, etc. 
Proficiency in using query languages such as SQL, Hive, Impala 
Experience with NoSQL databases, such as MongoDB, Cassandra, HBase
Good applied statistics skills, such as distributions, statistical testing, regression, etc.
Good scripting and programming skills
Data-oriented personality",https://wuzzuf.net/jobs/p/MXunj0kftZ1D-Data-Scientist-BlinkApp-Cairo-Egypt?o=7&l=sp&t=sj&a=Machine Learning Engineer|search-v3|navbg
Training Section Head,10 To 20 Years,"6th of October, Giza, Egypt",1 month ago,10000 To 15000 EGP Per Month,Giza Cable Industries,Full Time,"Identify and assess the training needs of the organization through job analysis, career paths and consultation with managers.
Research new training supplies and materials that can enhance a firm’s training procedures while providing value to employees.
Resolve any specific problems and tailor training programs as necessary.
 Conduct orientation programs and arranging on-the-job training for new hires.
Present all the technical and supply training requirements.
Prepare budget for training programs and workshops
Develop training resources, tools, processes and facilities as appropriate.
Ensures regulatory compliance of the technical training portfolio and metrics.
Follow OHS policies and procedures & participate in the company safety programs.","Familiarity with modern and traditional training methods.
Good collaboration and teamwork skills, Advanced record-keeping skills.
Good knowledge of talent management and succession planning methods.
Ability to plan, multi-task and manage time effectively and presentation skills.
Proficiency in MS Office and database software.",https://wuzzuf.net/jobs/p/KY4bSeU9W8aU-Training-Section-Head-Giza-Cable-Industries-Giza-Egypt?o=8&l=sp&t=sj&a=Machine Learning Engineer|search-v3|navbg
Outdoor Sales Engineer,2 To 4 Years,"10th of Ramadan City, Cairo, Egypt",17 days ago,"Confidential, Commission , Transportation , Medical Insurance , Social Insurance",ACFET,Full Time,"The candidate will follow the Industrial Areas allocated customers.
Attract new customer and maintain a good following and relationship with the existing ones
Perform sales and marketing efforts for our full range of services and products.( including but not limited internet searching – calling – visit – meeting - tech presentation and support ….. )
Managing and interpreting customer requirements
Plan and modify products to meet customer needs
Preparing client quotations and follow up to deal closing
Offering after-sales support services
Manage the customer needs to ensure the customer satisfaction
Track metrics to ensure targets are hit
Record and update all  sales activity in CRM
Perform marketing support to promote the Company’s image throughout the market sectors.","BSc. Of Electrical Engineering – Power & Electronics and Electrical machine
2-4 years in Instrumentation - automation systems and products - Panel components – Motors and geared motors
Very good in English language, computer skills
Owning a car is a must.
Good communication and negotiation skills.
Able to work in a team or individually.
Presentable & good profile
Self-discipline  and independence
Target oriented, positive attitude, ambitious, flexible, team-spirited, able to learn
10th of Ramadan , Shrouk City , Obour City , Badr City , 6th of october city",https://wuzzuf.net/jobs/p/iDRrxWxaWVh7-Outdoor-Sales-Engineer-ACFET-Cairo-Egypt?o=9&l=sp&t=sj&a=Machine Learning Engineer|search-v3|navbg
Electronics Maintenance Engineer,2 To 3 Years,"Cairo, Egypt",17 days ago,Confidential,Confidential,Full Time,"experience in repair cards
Carrying out troubleshooting and maintenance according to maintenance system approved by the company on time and in line with customer calls and job orders.
Dealing with customer queries and questions.
Maintaining good relations with customer to ensure high customer satisfaction.
Conduct training for customers on the operation of the machine, work precautions and simple service steps.
Work out regular maintenance schedules (PM) for each piece of equipment and carry out the work.
Deal with emergency breakdowns as they occur, in line with customer calls and the job orders.
Provide strong product technical support by:
Acquiring deep technical knowledge of Company products through self learning and cross training.
Researching, diagnose and identify solutions to resolve technical faults.
Documenting knowledge in the form of knowledge data base.
Assist in Sales activities by:
Providing product or service information to assist customers in making a decision about a product to buy.
Helping to generate new sales leads. Provide information about competitors to sales department.
Attempting to sell Customers new products or upgrades. ","BSC in Electronic Engineering (government university  )
Good Leadership skills.
Experience: 1-2 Years of experience in a similar field.
Males.
2 to 3 years Exp",https://wuzzuf.net/jobs/p/Yncr9w7VinnH-Electronics-Maintenance-Engineer-Cairo-Egypt?o=10&l=sp&t=sj&a=Machine Learning Engineer|search-v3|navbg
Application Support Engineer,2 To 4 Years,"Dokki, Giza, Egypt",29 days ago,Confidential,Caelum Egypt,Full Time,"Provide 1st & eventually 2nd level (after good training on company products) support for production issues across multiple applications, including problem identification, definition and implementation of short-term work around and coordination of long term software solution with business analysis and development team.
Setup, configure and maintain monitoring for the deployed systems
Maintain the company knowledge base related to deployment of new applications and resolutions for known issues
Write internal administration guides for the applications and trains the staff in case of new deployment processes are introduced
Install and configure clients’ environments on request - onsite or offsite
Perform advances investigation of issues including network troubleshooting
Diagnose and resolve day-to-day live system issues in timely manner based on their severity
Clear understanding of software development lifecycle methodologies and documentation standards
Maintain ongoing communication with end-users, business analysts, QA team, and development team on reported issues
Coordinate, Review and respond to system audit alerts in a timely manner
Ability to write, modify, and execute SQL queries for SQL database
Configuration of local machines to clone client's production environment for troubleshooting reported issues
Effectively record and monitor progress of all issues raised, providing feedback to the business users as required
Liaise with other support/development teams to resolve cross system issues
Maintain application support documentation
Test configuration changes in a test environment prior to pushing into production
Design and support application reports
Maintain confidentiality with regard to the information being processed, stored or accessed
Read and recognize the function of SQL queries to perform troubleshooting related to application changes and releases","Bachelor degree in Software/Computer Engineering, Computer Sciences, or related field
Minimum of 2 years’ experience in a software development context with minimum 2 year in a support role
Fluent in English is must
Experience in supporting and maintaining applications on desktop, web and database platforms
Solid working knowledge in SQL database is a must
Fluent English is a MUST
Solid experience in CRM systems (Microsoft Dynamics CRM is a plus)
Solid experience in cloud computing platform (Microsoft Azure is a plus)
Business Intelligence knowledge is a plus
Working experience in .NET framework is a plus
Ability to read and understand job-related materials such as instructions, specifications, references and manuals
Ability to work with demanding users in a fast paced environment
Excellent organizational, analytical, as well as oral and written communication skills
Excellent interpersonal and communication skills (oral and written)
Strong critical thinking and analysis, meeting facilitation, verbal and written communications, and interpersonal skills
The ability to explain complicated concepts in a simple manner
Proven documentation skills with consistent accuracy of details
Strong understanding of change control processes, time management and attention to detail
Ability to manage time and work well under pressure
Flexibility to handle multiple work streams at any time
Ability to investigate, analyze information and to draw conclusions in order to troubleshoot issues
Ability to learn and support new applications
Ability to work independently or as part of a team
Proven ability to understand a customer’s business environment and processes
Ability to travel abroad when needed",https://wuzzuf.net/jobs/p/W7hQTnpL8wuO-Application-Support-Engineer-Caelum-Egypt-Giza-Egypt?o=11&l=sp&t=sj&a=Machine Learning Engineer|search-v3|navbg
Senior Java Developer,More Than 5 Years,"New Cairo, Cairo, Egypt",1 month ago,Confidential,Media Sci,Full Time,"Performs a variety of development assignments requiring knowledge of established programming procedures and data processing requirements.
Performs programming activities related to the development of software products, systems, and projects.
Performs technical tasks including unit testing and system integration.
Participates in project estimation and planning.
Develops, modifies, and tests developed code based on architectural and design requirements.
Participates in requirements analysis, design, and deployment and support of software products, systems, and projects.
Understands and follows the Software development process.
Investigates, introduces, advises, and educates others on tools, technologies, and methodologies.
Researches and examines Software alternatives, different technical topics and tools to assess and explore the feasibility of a given requirement.
Coordinate with the Technical Leader on current programming tasks.
Collaborate with other programmers to design and implement features.
Quickly produce well-organized, optimized, and documented source code.
Participates in system analysis and design.
Contribute to technical design documentation.
Work independently when required.
Continuously learn and improve skills.
Attention to detail is essential and all tasks must be carried out to the highest standard
Handling support Activates
Performs product installation and configuration.
Conducts customer training on software programs.","5+ years of related experience,
Graduate of computer science or a related engineering discipline.
OOP concepts and design patterns.
JSP, Servlet, JSF, PrimeFaces, EJB, Spring, JPA, and Hibernate.
Web Services (REST and SOAP).
MySQL, Elasticsearch, JUnit, Maven, and GIT.
Interested in learning machine learning techniques and algorithms such as k-NN, Naive Bayes, SVM, Decision Trees, etc
Interested in learning deep learning frameworks like Deeplearning4j and TensorFlow.
Interested in learning Python and Jupyter Notebook.",https://wuzzuf.net/jobs/p/1TQAeepNOzTT-Senior-Java-Developer-Media-Sci-Cairo-Egypt?o=12&l=sp&t=sj&a=Machine Learning Engineer|search-v3|navbg
Senior Odoo Developer,More Than 5 Years,"New Cairo, Cairo, Egypt",14 days ago,Confidential,Blue Ribbon,Full Time,"Our company is specialized in managing and operating Sports Clubs in partnership with renowned developers.
Welcome to check our website: https://www.blueribbon-inc.com/
We are currently on the search for a Senior Odoo Developer for KODE (www.KODEClubs.com)
Job purpose:
Your mission is being the in-house developer using your expertise in developing or customizing new modules to support the business and ensure best utilization of Odoo ERP and working on the necessary integration with any other tools, apps, systems…etc
What do we expect from you: 
Developing new Odoo modules and customization of existing modules
Designing and developing of application tables, reports, and modules
Integrating Odoo with other business systems and applications
Design, Develop and test Odoo modules, projects, products, and interfaces (Using Python & JavaScript)
Maintain & customize Odoo addons
Create & customize PDF, Excel, Google Sheets & Financial Reports reports
Odoo database & Modules migration
Resolving the complaints by investigating problems and developing solutions through Odoo
Understanding the top management ‘Vision’ and gathering the right requirements from meetings
Channels meetings to understand the current technical environment, key business issues/drivers, and future technology requirements
Documenting all his/her work
Test the newly customized solution according to the documented user stories
Enhance and import data on Odoo","Bachelor's Degree in Computer Sciences or related field
Working experience with Python.
Experience with PHP Laravel, mobile development and machine learning is a plus
At least 5 years of experience of Odoo development
Strong debugging and troubleshooting skills
Strong Technical Knowledge in Object-Oriented Programming Concepts and data structures
Develop apps/features
Experience delivering management dashboards utilizing BI technologies and data warehousing
Working experience with relational database management systems (PostgreSQL, MySQL)
Expertise in HTML, CSS, XML, JavaScript, and JQuery
Solid expertise with GIT or equivalent source control system
Good knowledge of business processes
Experience in setup Odoo servers & databases
Experience in version upgrades and data migration in Odoo
Quick & Autonomous learner",https://wuzzuf.net/jobs/p/agIv6WyiyzOh-Senior-Odoo-Developer-Blue-Ribbon-Cairo-Egypt?o=13&l=sp&t=sj&a=Machine Learning Engineer|search-v3|navbg
Junior Python Developer,More Than 1 Year,"Dokki, Giza, Egypt",11 days ago,Confidential,RDI,Work From Home,"Responsibilities:
Design, develop and test new products while maintaining the existing
Stay up to date with the latest industry trends in software and cloud solutions 
Ensure high code and design quality that fulfills business requirements 
Partner with Machine Learning researchers to improve the performance and reliability of advanced algorithms
Implementation of security and data protection
Writing reusable, testable, and efficient code
Design and implementation of low-latency, high-availability, and performant applications","Qualifications:
Familiarity with some ORM (Object Relational Mapper) libraries
Able to integrate multiple data sources and databases into one system
Understanding the threading limitations of Python, and multi-process architecture
Knowledge of user authentication and authorization between multiple systems, servers, and environments
Understanding of fundamental design principles behind a scalable application
Experience with RESTful API design
Experience with WebSocket
Good documentation skills
Programming languages:
Python
Good knowledge of Java-Script (+ CSS / HTML)
 Frameworks: 
Flask (highly recommended)
Django
 Other technologies:
Docker / Kubernetes 
SQL & NoSQL Databases 
Jenkins/Gitlab (CI & CD) 
GCP ",https://wuzzuf.net/jobs/p/0yvTijkcosNQ-Junior-Python-Developer-RDI-Giza-Egypt?o=14&l=sp&t=sj&a=Machine Learning Engineer|search-v3|navbg
Mechanical Engineer - Pharmaceutical Industry,7 To 10 Years,"6th of October, Giza, Egypt",1 month ago,"Confidential, Bonus Payment",Global Napi Pharmaceuticals,Full Time,"AutoCAD experience
Good command in English
Ability to learn, and work in a team work
background in pneumatic system and hydraulic system","B.Sc. of engineering ( mechanical – power section )
Min. 7 – 10  years of experience in pharmaceuticals field ( solid doses area, semi-solid and automatic packing machine 
Solid experience in automated packaging lines maintenance.
Strong communication skills.
Good experience for pneumatic and hydraulic systems 
Good command of English 
 ",https://wuzzuf.net/jobs/p/csfKrQZUwUg0-Mechanical-Engineer---Pharmaceutical-Industry-Global-Napi-Pharmaceuticals-Giza-Egypt?o=15&l=sp&t=sj&a=Machine Learning Engineer|search-v3|navbg
Computer Vision Engineer,4 To 9 Years,"Cairo, Egypt",5 days ago,Confidential,Edentech,Full Time,"Responsibilities:
Maintain our computer vision libraries
Explore and analyze video and images through image processing
Implement various segmentation techniques. 
Research, develop, evaluate and optimize various computer vision and deep learning models for    different problems.
Communicate with other teams to gather requirements
Create unit tests, documentation, and examples for the maintained libraries","Requirements:
Bachelor's degree in the areas of Computer Science/Computer Engineering, Engineering or any other related fields
Technical skills:
Experience with C/C++ and Python is a must
Experience with GStreamer  is a must
Experience with DeepStream  is a must
Experience in Image Processing is a must
Experience in Computer Vision is a must
Experience with any machine/deep learning frameworks like Tensorflow and PyTorch
Experience in training models through GPU computing using NVIDIA CUDA or on cloud.
Experience in Mathematics is a must (linear algebra/statistics)
Experience with high-performance computing (vectorization, multi-threading) is a plus
Familiarity with source control tools (git)",https://wuzzuf.net/jobs/p/RaI3XrJXdV83-Computer-Vision-Engineer-Edentech-Cairo-Egypt?o=16&l=sp&t=sj&a=Machine Learning Engineer|search-v3|navbg
Software Architect,More Than 10 Years,"6th of October, Giza, Egypt",2 months ago,Confidential,Perfect Presentation,Full Time,"We are looking to hire an experienced Software Architect  to maintain and upgrade all existing software.
The  Software Architect Engineer’s responsibilities include recommending adjustments to resolve software issues, improving the functionality of existing software, and ensuring that the design, application, and maintenance of software meets the quality standards of the company.
You should also be able to mentor, guide and train other engineers.","Minimum of 10 years prior experience in Enterprise Architecture, including work on large-scale applications as part of a team using version control software
 Building and managing high-performing engineering teams of over 10 developers with product having more than 100k daily users and over 1 million registered users
 Minimum 3 years as a Scrum Master or leading Scrum Teams (PSM or CSM Certification a plus)
 Planning, building and governing cloud API architecture, standards, gateways and microservices for integrating legacy systems
 Developing and managing cloud-computing environments like Amazon EC2, GCP is a real plus
 Architecting and implementing API and integration technologies in a distributed, multi-tiered server-based, enterprise-class environment using a combination of technologies such as REST, SOAP, XML, JSON, OpenAPI, Note.js, Angular.js, .net , .netcore , sharepoint
 Multi-threading, Data Caching Services, DB schema design and data access technologies
 Big Data principles in a NoSQL domain as well as relational databases
 Security, Authentification and Authorization frameworks
 Crafting, implementing and developing scalable high-performance enterprise-level backend solutions as well as ecosystems for web applications & API platforms
Cloud hosting, architectural principles in distributed computing, and DevOps experience, such as: Linux Administration, Git, etc.
 Deep understanding of factors influencing the performance of microservices at multiple layers including network, CPU utilization, JVM tuning, memory management, thread management, database connection pooling, and query performance
 Data reporting and data visualization
 RDBMs like Postgres and No-SQL DBs like Elastic Search and MogoDB
 React JS, HTML4/5, CSS3, AJAX & jQuery (not required but considered a plus)
 Machine learning, big data and/or AI (not required but considered a plus)
 Review data engineering models and data ingestion pipelines
 Proven experience providing oversight for multiple, concurrent IT software development deliverables
 Proven experience managing the evaluation, selection, delivery and performance of technology solution providers and offerings",https://wuzzuf.net/jobs/p/0kUJIMSomjmV-Software-Architect-Perfect-Presentation-Giza-Egypt?o=17&l=sp&t=sj&a=Machine Learning Engineer|search-v3|navbg
NGenius POS Developer,6 To 12 Years,"New Cairo, Cairo, Egypt",1 month ago,Confidential,Network International -Egypt,Full Time,"Planning, development, deployment, and maintenance of software solutions
Defining tasks and giving time estimates
Write clean, maintainable code and test it
Roll out new features, and analyze (and react) to the results you learn about from our QA Engineers and user feedback
Documenting the test cases with respect to new developments/functionalities 
Documenting the changes and updating release commits in confluence.
Issue Investigation and finding the root cause and fix the defects quickly
Issue analysis – Root cause analysis and Implementing corrective and preventive actions
Collaborate with clients and both project and technical teams
Being able to present your solutions in front of clients and/or a group of colleagues
Proactively communicating with other team members and project stakeholders
Use agile methodologies in development 
Participate in code reviews, pairing, and other forms of knowledge sharing
Continually improve your skills and push others to go forward with their knowledge
Working in a cross-functional team
 ","6-8 Years of Experience in Development, including minimum 4 years of experience in POS/payment application and related component development & minimum 3 years of experience on Implementation and DevOps Support 
4+ years of professional experience with Android SDK and Java/Kotlin development 
4+ years of professional experience with Golang development
Hands on experience with development on my sql and Mongo databases
Good knowledge of Kotlin or published apps written in Kotlin
Hands on experience with Continuous Integration and Deployment
Hands on experience with writing clean and testable code as well as unit tests
Hands on experience with Android Studio, Git, RxJava, Dagger 2, Retrofit 
Hands on experience with distributed messaging and push notification services
Hands on experience in Linux environment and shell scripting
Hands on experience on  DBMS/RDBMS,OOP,SOA,WPF,WCF and Web services
Desire for research and improvement of current development processes and code architecture
Good understanding of POS concepts and different types of POS machines in the market like VeriFone, Ingenico and Android POS
Experience working in a team environment
Excellent English knowledge
Good debugging and code review routine
Good to have knowledge of payment transactions, online processing, Batch Processing’s, Acquiring and issuing concepts",https://wuzzuf.net/jobs/p/9SRldxbI7qft-NGenius-POS-Developer-Network-International--Egypt-Cairo-Egypt?o=18&l=sp&t=sj&a=Machine Learning Engineer|search-v3|navbg
Data Engineer,More Than 3 Years,"Maadi, Cairo, Egypt",1 month ago,Confidential,Centro CDX,Full Time,"We are looking for an experienced data engineer to join our team. You will use various methods to transform raw data into useful data systems. For example, you’ll create algorithms and conduct statistical analysis. Overall, you’ll strive for efficiency by aligning data systems with business goals.
To succeed in this data engineering position, you should have strong analytical skills and the ability to combine data from different sources. Data engineer skills also include familiarity with several programming languages and knowledge of learning machine methods.
Responsibilities :
Analyze and organize raw data
Build data systems and pipelines
Evaluate business needs and objectives
Interpret trends and patterns
Conduct complex data analysis and report on results
Prepare data for prescriptive and predictive modeling
Build algorithms and prototypes
Combine raw information from different sources
Explore ways to enhance data quality and reliability
Identify opportunities for data acquisition
Develop analytical tools and programs
Collaborate with data scientists and architects on several projects","Previous experience as a data engineer or in a similar role
Technical expertise with below:
Data warehousing
Data Lake
Data modeling
ETL, incorta, informatica
Azure data factory
AWS, IICS
Hands-on experience with SQL database design
Great numerical and analytical skills
Degree in Computer Science, IT, or similar field; a Master’s is a plus
Data engineering certification (e.g IBM Certified Data Engineer) is a plus
Knowledge of programming languages (e.g. Java and Python) is a plus",https://wuzzuf.net/jobs/p/YgnlNerNUQml-Data-Engineer-Centro-CDX-Cairo-Egypt?o=19&l=sp&t=sj&a=Machine Learning Engineer|search-v3|navbg
Backend Developer,0 To 3 Years,"Sheikh Zayed, Giza, Egypt",2 months ago,Confidential,Nile University,Full Time,"Work with data reports obtained from various systems (e.g. SIS[1], LMS[2], …). This includes accessing, downloading, data filtering and providing visualization charts.
Designing relational databases and queries.
Design patterns, composition, and object-oriented development.
Communicate with peers to exchange data towards achieving OIS unit goals
Perform assigned research activities (artificial intelligence, machine learning, …)
Writing and submitting reports, papers and thesis","Education, Professional Knowledge & Experience  
Bachelor’s degree in Computer Engineering, Computer Science, data analysis and statistics or any related field. Graduates of faculties of engineering and faculties of sciences are eligible. 
Minimum cumulative grade “Very Good”. 
0-3 years related experience or academic experience
Carrying out M.Sc. in computer science (scholarship system) and Publishing at least one scientific paper every two years.
Behavioral and Leadership Profile 
Good problem analysis, assessment, and communication skills.
Judgment, problem solving and decision-making skills.
Excellent planning, task organization and time management
Ability to work effectively in a team.
Language Skills:
Very good command of written and spoken Arabic and English Languages
Technical and Computer Skills:
Microsoft Office Applications, especially Word, Excel & PowerPoint
Good knowledge in Design Patterns, Data Structures, and Algorithms. 
Good knowledge of database tools ( e.g. MYSQL, SQL, MS SQL server database systems…).
Background of HTML, CSS• ",https://wuzzuf.net/jobs/p/ZKi6JqDbkE2Y-Backend-Developer-Nile-University-Giza-Egypt?o=20&l=sp&t=sj&a=Machine Learning Engineer|search-v3|navbg
Front End Developer,0 To 3 Years,"Sheikh Zayed, Giza, Egypt",1 month ago,Confidential,Nile University,Full Time,"Implement  responsive and efficient user interfaces.
Visualize data using charts (e.g. gauges, bar charts, dashboards, …)
Work with databases developed by the back-end developer to provide instant updated visualizations and dashboards.
Design automated reports targeting aesthetics and user satisfaction.
Communicate with peers to exchange data towards achieving OIS unit goals
Perform assigned research activities (artificial intelligence, machine learning, …)
Writing and submitting reports, papers and thesis
Carrying out M.Sc. in computer science (scholarship system) and Publishing at least one scientific paper every two years.","Education, Professional Knowledge & Experience  
Bachelor’s degree in Computer Engineering, Computer Science, data analysis and statistics or any related field. Graduates of faculties of engineering and faculties of sciences are eligible. 
Minimum cumulative grade “Very Good”. 
0-3 years related experience or academic experience
Behavioral and Leadership Profile 
Good problem analysis, assessment, and communication skills.
Judgment, problem solving and decision-making skills.
Excellent planning, task organization and time management
Ability to work effectively in a team.
Language Skills:
Very good command of written and spoken Arabic and English Languages
Technical and Computer Skills:
Microsoft Office Applications, especially Word, Excel & Powerpoint
Good knowledge of HTML, CSS and Javascript
Knowledge of bootstrap and JQuery is an advantage but not mandatory
Background of database tools ( e.g. MYSQL, SQL, …).
Good knowledge of programming languages (e.g. Java, python, .Net)",https://wuzzuf.net/jobs/p/HBU9AY1aefW3-Front-End-Developer-Nile-University-Giza-Egypt?o=21&l=sp&t=sj&a=Machine Learning Engineer|search-v3|navbg
BI Lead,More Than 7 Years,"Sheikh Zayed, Giza, Egypt",1 month ago,"Confidential, Annual Bonus",Excel Systems,Full Time,"Roles & Responsibilities:
Manage and lead BI team
Select tools and methodologies to ensure that solution identify defects and comply with quality standards.
Carefully collect the requirements from stakeholders (across teams).
Translating business requirements into technical ones.
Build the requirements into artistic looking dashboards or other data output using and language.","Qualifications & Experience:
Bachelors in Software Engineer or Computer Science.
A minimum of 7+ Years of experience in related field/needed technology.
Culturally fitting with the company’s standards and profile.
Adapting to dynamic work environment.
Possess general programming skills & SDLC.
experienced with BI tools like:-
Power BI is a must
Tableau desktop, Tableau online/server, SQL (querying and optimization) and python data libraries.
Document the work on schedule.
Basic ETL jobs
Participation in data warehouse design.
Learn new topics and tools on the go (as business grows) like Big Data handling.
A plus: Build and maintain Machine Learning prediction models(classification).
A plus: Build and maintain time series-based predictions.
Aplus: using SAS
Specifications And Skills:
Communication skills and details oriented.
Continuous learning and problem solving.
Writing clean, optimized queries and codes.
SQL for data retrieval and views creation.
MS SQL SERVER is a must
Data warehouse basic knowledge.
Big data concepts (hands on is a plus).
Advanced working SQL knowledge and experience working with relational databases, start schema, as well as working familiarity with a variety of databases.
ETL tools and processes basic knowledge.
API hands-on experience to get requirements from android app and website analytical tools.",https://wuzzuf.net/jobs/p/tpQxzx6h6Bck-BI-Lead-Excel-Systems-Giza-Egypt?o=22&l=sp&t=sj&a=Machine Learning Engineer|search-v3|navbg
Devops Engineer,More Than 4 Years,"6th of October, Giza, Egypt",25 days ago,Confidential,Perfect Presentation,Full Time,"Role Description
The Azure Senior DevOps Engineer is a member of the Enterprise Application Rapid Delivery Services team and is primarily Responsible for building, deploying, maintain and automating our software development pipeline from source control through production. Works closely with operations as a developer, or with development as an operation professional. As a Senior Azure DevOps Engineer, the candidate is responsible for developing and delivering scripts and automation tools used to build, integrate, and deploy software releases to various platforms. The candidate will ensure solutions are built based on company standards and that they can be deployed with the company's environment (whether in a global or local environment).
Position Responsibilities:
Write software, from build system automation to automated deployment, to scale our engineering delivery
Bring in continuous deployment practices to enhance our Agile posture
Imagine, architect, develop, deploy, and evolve CI and CD systems for our cloud applications
Write Infrastructure as Code (IaC) using Industry standard tools and services
Write application deployment automation using industry standard deployment and configuration tools
Design and implement continuous delivery pipelines that serve the purpose of provisioning and operating client test as well as production environments
Provide systems support including responding to monitoring alerts
Implement and stay abreast of Cloud and DevOps industry best practices and tooling
Work with developers to identify necessary Azure resources and automate their provisioning
Document automation processes
Workstation issue troubleshooting (e.g. proxy, McAfee)
CI/CD infrastructure and process troubleshooting (disk space, network issues etc).
CI/CD pipeline support (troubleshooting, support with setting up in new projects)
Work closely with key stakeholders to capture, analyze, and derive DevOps requirements","Skills and Experience Required
More than 4 years hand-on experience with Azure DevOps
Hands-on experience in continuous delivery and continuous integration of CI/CD pipelines
Experience with Azure Repos, branching, code review and code analysis tools
Proficient with Git, Git Flow, Azure DevOps
Strong hands-on expertise in diverse DevSecOps concepts / tools, especially on Azure DevOps, Pipelines, GitHub, GitHub actions
Ability to assess the requirement, environment and suggest right tools / technologies
Hands on experience on Kubernetes and containerization technologies like Docker and Azure Container Registry
Good knowledge on PowerShell scripting
Expertise in Debugging and providing solutions and workarounds
Hands-on experience with REST APIs and consuming from .Net Technologies and PowerShell
Knowledge on Azure Databricks and its architecture / framework
Knowledge on Azure Machine Learning Service and its architecture / framework
Knowledge on different monitoring and logging solutions available on Cloud, preferably on Azure
Expertise on Azure Functions
Excellent communication, presentation, and coding abilities
Education
Bachelor's degree in mathematics, computer science, information systems, or equivalent work experience
Certifications Preferred
Azure DevOps (AZ - 400),
Azure Data Engineering (AZ-200 and AZ-201) and
Azure Cloud Developer (AZ-203)",https://wuzzuf.net/jobs/p/c9BsJQwPlILN-Devops-Engineer-Perfect-Presentation-Giza-Egypt?o=23&l=sp&t=sj&a=Machine Learning Engineer|search-v3|navbg
Administrator (Helpdesk),1 To 2 Years,"6th of October, Giza, Egypt",2 months ago,Confidential,Raya,Full Time,"Ready to be part of one of the Market Leaders in Egypt? Apply now!
Raya Data Center: one of Raya’s subsidiaries is hiring Administrator (Helpdesk):
What will you do?
Respond to requests for technical assistance in person, via phone, electronically to diagnose and resolve technical & hardware issues
Administer users’ machines remotely using SCCM.
Deploy users’ OS using MDT and WDS, run daily reports to set the action plan needed to fix any alerts or problems on user’s machines.
Use Kaspersky and WSUS console to check windows and antivirus updates status on users’ machine and push updates if needed.
Administer help desk software “Manage Engine, SCCM, MDT, WSUS, WDS, etc.”
Recommend active directory group policies needed to control user’s behavior to enhance the overall machines performance.
Visit Users’ locations “HQ or Remote Locations” for any technical assistance, hardware installations or opening new locations.
Log all help desk interactions and prepare activity reports for resolved and closed tickets
Track and route problems, requests and document resolutions.
Follow the ISMS policies, procedures, and ISO 27001 - 20000 procedures.","Bachelor degree in Communications/Electronics engineering or a relevant discipline
1-2 years of experience in IT field
Very deep knowledge of automated and centralized deployment servers as SCCM, MDT, WSUS, WDS, etc.
Very good knowledge of MS systems administration and in Antivirus software like Antivirus and its Admin Kit
ITIL is must
CCNA is must
 What is unique about Raya?
Are you an eager learner? Raya believes in its employees, so we aim to continuously provide learning & development plans for all of our employees to ensure their personal and career development.
Are you looking for career progression? Raya is an entity where you can grow whether horizontally or vertically as we offer internal transfer opportunities.
Are you looking for a rewarding environment? Raya's top achievers are awarded annually with an international 5 days trip.
Are you looking for an opportunity to give back to the community? Raya encourages their employees to give back to the community through different ongoing CSR programs and initiatives.
Are you a foodie? Exclusive discounts for Raya employees at Raya’s Restaurants (Ovio, Jones The Grocer, The Lebanese Bakery, and Loris)",https://wuzzuf.net/jobs/p/YmXXOb6m6KSK-Administrator-Helpdesk-Raya-Giza-Egypt?o=24&l=sp&t=sj&a=Machine Learning Engineer|search-v3|navbg
IT Technical Support - (Help Desk),0 To 1 Year,"Abbassia, Cairo, Egypt",25 days ago,Confidential,Raya Customer Experience,Full Time,"Ensure incoming incidents are categorized, logged and resolved in a timely fashion and within the agreed SL to ensure meeting/exceeding the targets of the KPIs and aiming at the client satisfaction and avoid receiving any negative feedback. 
Resolve software and hardware inquires and install, maintain, troubleshoot, support and repair desktop/laptop hardware and software. 
 Identify and publish internal solutions to solve problems and troubleshoot system and network problems and diagnose and solve network hardware/software faults and collect information/DB about nodes for future use; installing network devices. 
Initiate/Manage user accounts across multiple systems including the email accounts and troubleshot/resolve profile issue for the operations agents only. 
Work on the backup servers/recovery systems in order to restore any missing data when it is crucial and importantly required for continuing the business. 
 Assist users with wireless and remote access. 
Handle all AVAYA issues including upgrading AVAYA firmware and configuring AVAYA [hardware/software] platforms to open the communication channel in between the client and the internal scope. 
 Assist in selecting and deploying new technology to support organizational goals and objectives. 
 Proactively monitor the performance of the machines and ensure that all of them are properly operating and ready for service; or should perform direct maintenance if failure was figured out. 
 Handle operating system installation and ensure the system is configured based the client requirement. 
Support business needed applications and escalate issues to the second line resolver group if not fixed. 
Monitor infrastructure and conducts frequent health check up on computer hardware/software and execute preventive maintenance plans.","interpersonal Skills: Ownership - Functional Skills - Ideas presentation and Taking initiative - Continuous Learning - Customer Centricity.
CCNA Knowledge",https://wuzzuf.net/jobs/p/bJ0PHeQCefXj-IT-Technical-Support---Help-Desk-Raya-Customer-Experience-Cairo-Egypt?o=25&l=sp&t=sj&a=Machine Learning Engineer|search-v3|navbg
Business System Analyst,2 To 5 Years,"Heliopolis, Cairo, Egypt",26 days ago,Confidential,GS1,Full Time," Prepare detailed analysis document with complete awareness with the appropriate techniques and well definition for functional and non-functional requirements.
Participate in the full life-cycle development process from product definition, through design, development, test, release, maintenance and developing innovative solutions to customer requirements.
 Work with technology and business groups to define project specifications. 
 Enhance the efficiency of development, test, and release process; develop tools, frameworks. 
Support developers and QC engineers by clarifying requirements or business concerns raised anytime within the development life cycle.
Effectively communicating with product owners’ insights and plans to support cross-functional team members and management.
 Proactively communicate and collaborate with clients and internal teams to determine / analyze functional requirements and appropriate / accurate project scope considering business needs.
 Translate complex business, functional and technical requirements into detailed work tasks; prepare project scope statements.
 Develop requirements specifications according to standard templates, using natural language.
 Review the Documents with his manager and the technical team before finalizing and version the document.","Bachelor’s Degree in Computer Science or any related field
3+ years of proven experience
Knowledge of software technology, computer programming experience, and broad business knowledge.
Proficient in Microsoft Office programs (Access, Excel, Project, PowerPoint, etc.) and Software Design Tools.
Ability to elicit and document functional requirements, write specifications, use cases, and design user interface requirements for applications.
Positive attitude even under high pressure and stressful situations
Strong problem solving and analytical skills
Advanced organization skills to manage teams, resources, processes, and time to achieve a target result within the stipulated timeframe.
Strong oral and written communication skills
Knowledge of machine learning / Edge AI is a plus.",https://wuzzuf.net/jobs/p/QXK4900FX49X-Business-System-Analyst-GS1-Cairo-Egypt?o=26&l=sp&t=sj&a=Machine Learning Engineer|search-v3|navbg
Snowflakes DW developer,3 To 5 Years,"Maadi, Cairo, Egypt",20 days ago,Confidential,FlairsTech,Full Time,"Snowflake Inc.’s Data Engineers will be responsible for creating very large-scale data analytics solutions based on the Snowflake Data Warehouse.  
The ability to design, implement, and optimize large-scale data and analytics solutions on Snowflake Cloud Data Warehouse is essential. Expertise with Amazon Redshift is a must. A Data Engineer at Snowflake is responsible for:
Implementing ETL pipelines within and outside of a data warehouse using Python and Snowflakes Snow SQL
Querying Snowflake using SQL.
Development of scripts using Unix, Python, etc. for loading, extracting, and transforming data.
Knowledge of Amazon Web Services Redshift
Assist with production issues in Data Warehouses like reloading data, transformations, and translations
Develop a Database Design and Reporting Design based on Business Intelligence and Reporting requirements.
Together, Data Engineers and data scientists would work closely. In order to work effectively with data platforms, you need a deep understanding of data models, algorithms, and data transformation techniques. Engineers will be responsible for building ETL tools (extracting, transforming, and loading), storage, and analytics tools. It is therefore imperative that you have experience with current ETL and BI solutions.
Using Kafka or Hadoop for big data projects requires more specific expertise. Data Engineers need knowledge of machine learning libraries and artificial intelligence frameworks. These include TensorFlow, Spark, PyTorch, and MLPack.
A solid understanding of data science concepts is required
Data analysis expertise
Working knowledge of ETL tools
Knowledge of BI tools
Experience with Big Data technologies such as Hadoop and Kafka
Extensive experience with ML frameworks and libraries including TensorFlow, Spark, PyTorch, and MLPACK","Snowflake Data Engineer Basic Qualifications
Snowflake Data Engineers are required to have the following qualifications:
Minimum of 1 year of experience designing and implementing a full-scale data warehouse solution based on Snowflake.
A minimum of three years experience in developing production-ready data ingestion and processing pipelines using Java, Spark, Scala, Python.
Experience with complex data warehouse solutions on Teradata, Oracle, or DB2 platforms with 2 years of hands-on experience
Expertise and excellent proficiency with Snowflake internals and integration of Snowflake with other technologies for data processing and reporting.
A highly effective communicator, both orally and in writing
Problem-solving and architecting skills in cases of unclear requirements.
A minimum of one year of experience architecting large-scale data solutions, performing architectural assessments, examining architectural alternatives, and choosing the best solution in collaboration with both IT and business stakeholders.
Extensive experience with Talend, Informatica, and building data ingestion pipelines.
Expertise with Amazon Web Services, Microsoft Azure and Google Cloud.
 ",https://wuzzuf.net/jobs/p/NCFm6413BhR7-Snowflakes-DW-developer-FlairsTech-Cairo-Egypt?o=27&l=sp&t=sj&a=Machine Learning Engineer|search-v3|navbg
Full Stack Developer (.Net Core & Angular 9),More Than 2 Years,"Nasr City, Cairo, Egypt",1 month ago,Confidential,JRM for Communications,Full Time,"Perform development tasks in an agile (Scrum) environment.
Handle existing software problems and carry out requested changes
Make Unit testing to the code before release to QC team as required, Fix Issues
Impact analysis for change requests
Participate in Team meeting
Maintain the systems once they are up and running
Writing Documentation according to business needs.","Sc. in Computers & Information, Computer Science or equivalent.
2 + years of relevant experience.
Solid experience in web development using ASP.NET Core.
Solid experience in Angular (2, 4, 5, 6, 7) is a must.
Prior experience in using NGRX with Angular is a big plus
Solid Knowledge in OOP and OOD using C#.NET.
Having No SQL (MongoDb, Redis or Cosmos) Skills is a big plus.
Prior experience in using Repository & Unit of Work design patterns is a must.
Having Skills in using design patterns is a big plus.
Having skills in using DI containers and libraries (AutoFac, Unity, or SimpleInjector).
Restful Web APIs skills are must.
Prior experience in Using Signal R is a big plus.
Unit Testing.
Azure Development skills are a big plus.
DevOps (CI & CD) Skills are a big plus.
Deep knowledge with N-Tiers Architecture is a must.
Micro-services architecture is a big plus.
Front-End Skills in using JavaScript, JQuery, AJAX, HTML5, CSS and Sass.
Using GIT as a source control.
Good knowledge with Agile (Scrum) and prior experience in working in agile environment will be big plus.
Tasks Sizing and estimates skills.
Strong English is highly preferred but not a must",https://wuzzuf.net/jobs/p/SA8PUX5eQl9I-Full-Stack-Developer-Net-Core-Angular-9-JRM-for-Communications-Cairo-Egypt?o=28&l=sp&t=sj&a=Machine Learning Engineer|search-v3|navbg
Odoo Developer & Pre-Sales Specialist,More Than 5 Years,"Maadi, Cairo, Egypt",28 days ago,"10000 To 18000 EGP Per Month, Pre Sales Commissions Will Be Given",Elitbuzz,Full Time,"Implement Odoo ERP for different client verticals-
Design/Configure/Customize/Integrate/Test/Deploy Odoo System based on client requirements & project scope by meeting the project deadlines.
Design & develop new modules, workflows, reports, APIs etc.
Coordination with Project Manager/Business Analyst/Junior developers/client and ensure the successful implementation of all client projects on time.
Takes higher ownership for tasks and duties assigned.
Guide & mentor Junior Developers whenever required. Assign project tasks & track activities of team members.
Build prototypes at scoping stage of projects to support Presales team.
Setup, maintain & monitor Odoo servers -Cloud & On-premise.
Manage source control such as GITLAB.
Odoo database & modules migration
Integrate Odoo with other software applications.
Responsible to deliver multiple projects parallelly.
Support & execute project tasks with onsite/offshore team members.
Post implementation support","Bachelor/Master Degree in computer science or engineering
Minimum 5 years of recent Odoo development & implementation experience.
Ability to work effectively as a team member, demonstrating excellent organizational skills and initiative and flexibility.
Must have sound knowledge of Odoo MVC architecture.
Must have strong technical & functional knowledge of Odoo core modules such as Sales, Purchase, Inventory, Accounting, POS, Ecommerce, Project, Manufacturing, Qweb Reporting, etc.
Knowledge of odoo.sh will be an added advantage. 
Sound knowledge of version control system tools like git and its tools such as Jira, GitHub, Bitbucket, Atlassian.
Skills to research, learn, troubleshoot, debug, and support complex Odoo customizations.
Experience in writing techno functional documentation
Hands-on experience in configuring & installing POS hardware items, Biometric attendance machines etc. with Odoo System.
Strong in Python programming, PostgreSQL, Java Script & Object Oriented Design and Programming
Strong written & verbal communication skills in English language
A comfort level with both giving and receiving respectful constructive critical feedback.
Good team player & ability to work under pressure.
Strong sense of commitment, responsibility and ownership",https://wuzzuf.net/jobs/p/m0lKvrs7EIs1-Odoo-Developer-Pre-Sales-Specialist-Elitbuzz-Cairo-Egypt?o=29&l=sp&t=sj&a=Machine Learning Engineer|search-v3|navbg
Business Intelligence Manager - Cairo,5 To 7 Years,"New Cairo, Cairo, Egypt",2 months ago,Confidential,Pyramid Poultry Co.,Full Time,"Strong business acumen in relation to analytics, having had experience within at least one business area function (e.g marketing, sales, finance, workforce, procurement etc.)
Extensive experience in handling large, complex datasets
Passionate about analytics and insight, including staying up-to-date with the latest trends and technologies
Strong understanding of machine learning techniques and algorithms or decision science domains (eg. clustering, decision trees, logistic regression, basket analysis, optimization, simulation) to deliver rapid business insight
Proven programming experience in one of Python, R, Go, SQL or similar
Proven experience using Excel
Exceptional analytical ability and are able to solve unstructured problems involving large amounts of quantitative data with a structured and hypothesis driven approach
Experience in adapting your communication style to help translate complex technical information to audiences unfamiliar with the technologies
Ability to learn and understand new technologies, techniques and tools","University Degree, in computer science/engineering, business analytics, information systems, statistics, mathematics or other related disciplines preferably
Microsoft Power BI Certification is needed",https://wuzzuf.net/jobs/p/tGJ3TET2l1hJ-Business-Intelligence-Manager---Cairo-Pyramid-Poultry-Co-Cairo-Egypt?o=30&l=sp&t=sj&a=Machine Learning Engineer|search-v3|navbg
Senior Machine Learning Engineer,More Than 5 Years,"New Cairo, Cairo, Egypt",6 days ago,Confidential,Media Sci,Full Time,"Designing ML systems.
Researching and implementing ML algorithms and tools.
Selecting appropriate data sets.
Picking appropriate data representation methods.
Identifying differences in data distribution that affects model performance.
Verifying data quality.
Transforming and converting data science prototypes.
Performing statistical analysis.
Running machine learning tests.
Using results to improve models.
Training and retraining systems when needed.
Extending machine learning libraries.
Developing machine learning apps according to client requirements.","5+ years of related experience,
Graduate of computer science or a related engineering discipline.
OOP concepts and design patterns.
Web Services (REST and SOAP).
MySQL, Elasticsearch, JUnit, Maven, and GIT.
Machine learning techniques and algorithms such as k-NN, Naive Bayes, SVM, Decision Trees, etc
Deep learning frameworks like Deeplearning4j, PyTorch, TensorFlow, etc.
Python and Jupyter Notebook.
NLP, transformers, pandas, numpy.
Data parsing, scraping, and wrangling",https://wuzzuf.net/jobs/p/YDxhBIJimaOR-Senior-Machine-Learning-Engineer-Media-Sci-Cairo-Egypt?o=1&l=sp&t=sj&a=Machine Learning Engineer|search-v3|navbg
Machine Learning Engineer,3 To 7 Years,"Dokki, Giza, Egypt",6 days ago,Confidential,Edentech,Work From Home,"Designing, developing, and researching Machine Learning systems, models, and schemes
Studying, transforming, and converting data science prototypes
Research and implement appropriate ML algorithms and tools
Performing statistical analysis and using results to improve models.
Identifying differences in data distribution that could affect model performance in real-world situations
Analyzing the use cases of ML algorithms and ranking them by their success probability
Understanding when your findings can be applied to business decisions
Verifying data quality and/or ensuring it via data cleaning.
Understand and use computer science fundamentals, including data structures, algorithms, computability and complexity and computer architecture
Use exceptional mathematical skills, in order to perform computations and work with the algorithms involved in this type of programming
Produce project outcomes and isolate the issues that need to be resolved, in order to make programs more effective
Collaborate with data engineers to build data and model pipelines
Manage the infrastructure and data pipelines needed to bring code to production
Build algorithms based on statistical modelling procedures and build and maintain scalable machine learning solutions in production
Use data modelling and evaluation strategy to find patterns and predict unseen instances
Apply machine learning algorithms and libraries
Communicate and explain complex processes to people who are not programming experts
Analyse large, complex datasets to extract insights and decide on the appropriate technique
Research and implement best practices to improve the existing machine learning infrastructure","Education: computer engineering or computer science 
Skills:
Advanced proficiency with Python and Java code writing.
Extensive knowledge of ML frameworks, libraries, data structures, data modeling, and software architecture.
Familiarity with machine learning frameworks  PyTorch and libraries (like scikit-learn)
In-depth knowledge of mathematics, statistics, and algorithms.
Superb analytical and problem-solving abilities.
Great communication and collaboration skills.
Excellent time management and organizational abilities.
Knowledge in SQL and NoSQL databases",https://wuzzuf.net/jobs/p/63GDVXe1mip9-Machine-Learning-Engineer-Edentech-Giza-Egypt?o=2&l=sp&t=sj&a=Machine Learning Engineer|search-v3|navbg
Software Team Lead,8 To 12 Years,"Maadi, Cairo, Egypt",7 days ago,"Confidential, Competitive Salary - Medical Insurance",TMentors,Full Time,"As an engineer, do you want to build AI-driven products? Do you want to collaborate closely with Machine Learning Research Scientists with close ties to the University of Edinburgh?
Do you want to use your software skills where they will have a real impact on the business’s bottom line and the performance of a global online marketplace?

We’re looking for an amazing self-driven lead software developer who loves crafting cutting-edge user experiences.
Help build a platform with a Data-centric, Machine Learning focus
Get feedback from, and build solutions for, users and customers
Stay up-to-date on emerging technologies
Cairo office, with work from home option
You might be a great fit for this job if:
You lead with humility and confidence.
You care about Continual learning and improvement
You care about Code Refactoring and Continually delivering high-quality code.
Our engineers have the opportunity (and are expected) to exercise a high degree of ownership and expertise in their daily work, having strongly held and defensible ideas, and advocating for what they believe is right. But they also need to be eager to hear differing opinions, adept at identifying and evaluating trade-offs, willing to be proven wrong, and quick to walk through fire to help out their fellow teammates.
Position Summary:
As the most senior-level system programming position, a Lead provides technical direction, planning, and vision to programming departments. As a lead programmer on new projects, you shall create, maintain, and own technical specifications, designs, and schedules. Shall have direct management responsibility. Forges strong relationships across departments and with other companies. Communicates programming needs and interests to the product team and others. Anticipates and acts upon issues that arise, providing alternative approaches and solutions.
Architects and implements significant portions of code, leveraging work across many products. Is the expert in a vital technology area, acting as the chief resource to others internally and externally. Communicates a clear vision of how the technology can be optimally applied to products. Evaluates and creates new tools and techniques to facilitate effective development practices. Sets the standard for the highest quality of work.
Leads by example!","B.S./M.S. in Computer Science, proven experience in successfully completing the development of two or more complex commercial applications or technologies, or equivalent applicable experience.
Thorough knowledge of two or more platforms (Windows, Mac, Linux). Expert knowledge of one platform is required. Understands cross-platform issues and is able to learn new platforms quickly.
Excellent knowledge of web technologies, such as HTML, CSS, and Javascript, modern libraries (Angular, React, etc) as well as Internet technologies, communication protocols, and techniques.
Excellent knowledge of database methodology and database systems. 
Excellent analysis, project planning, and schedule estimating skills as applied to multi-person projects. Ability to anticipate and resolve project roadblocks.
Expert knowledge of .NET, C# and debugging techniques is a must
Expert in current software design practices, including modularity, event-driven architecture, object-oriented design, multimedia techniques and asset management, interface design, localization, portability, optimization, extensibility, and testability. Stays abreast of industry innovations and developments.
Strong communication skills, especially in representing their expertise to a wide range of people. Has forged relationships with development personnel throughout the industry.
Self-motivated; works independently.
Enthusiastic about the company and programming company products.
Generates, enhances, and promotes ideas for worthwhile new projects and technologies. 
Watches for upcoming changing conditions and helps plan needed adaptations.",https://wuzzuf.net/jobs/p/tDpJrj9GeBO6-Software-Team-Lead-TMentors-Cairo-Egypt?o=3&l=sp&t=sj&a=Machine Learning Engineer|search-v3|navbg
Python Developer - Internship,Not Specified,"Maadi, Cairo, Egypt",4 days ago,"Paid, Competitive Salary",TMentors,Full Time,"Job Description:
This position is for self-motivated and passionate Students/Fresh graduates looking to get involved in an internship with real-world projects and gain experience working with established code bases and industrial best practices.
At TMentors, we are looking for a Python Developer to join our engineering team and help us develop and maintain various repositories written in python.
Python Developer Intern responsibilities include writing and testing code, debugging programs and integrating applications with third-party web services. To be successful in this role, you should be a fast learner and work well in a team.
Ultimately, you’ll build robust python scripts that align with our business needs and are shippable to clients.
The intern will learn:
Following best coding practices
Enterprise design patterns that center scalability and testability as a guiding compass
Architecting and organizing code into extensible and robust modules
Read and work with 3rd part APIs
Evaluate, critically appraise and choose between various approaches for solving the same problems
Build an aptitude for spotting bad coding practices
Refactoring, developing and testing software components in an agile environment","Required
Fresh graduates or Enrolled in an undergraduate degree (preferably in a penultimate year) in computer science, computer engineering, or a relevant field
Understanding of at least one object-oriented programming language
Team spirit
Good problem-solving skills
BSc in Computer Science, Engineering, or a relevant field
Hunger to learn and contribute
Understanding of data structures and algorithms
Preferred
Understanding and experience working with data engineering libraries such as NumPy, pandas, and Apache spark
Basic understanding of ETL pipelines
A portfolio of projects either extracurricular or advanced coursework",https://wuzzuf.net/internship/ks2Azi1kboPo-Python-Developer---Internship-TMentors-Cairo-Egypt?o=4&l=sp&t=sj&a=Machine Learning Engineer|search-v3|navbg
Junior Production Engineer,0 To 1 Year,"Obour City, Cairo, Egypt",8 days ago,Male,Delta Egypt For Lighting,Internship,"Set the floor plan to allow the most efficient assembly process
Set and monitor production schedule
Coach and train new workers on best practices","Bachelor’s degree in mechanical engineering.
Excellent communication and interpersonal skills
Ability to learn.
Ability to work in a team.
Gender (Male).
Transportation is provided out of Obour City.
Salary Negotiable
Has previous expertise in production with manual assembly lines (not a must)
Has previous expertise in machinery (press brakes, shearing, and press machines) (
Knowing 5S criteria is a must (preferable to have courses)
Very good profile, with great social interacting skills.
Worked with ERP in his previous expertise.
Has a good command of AutoCAD
Has a good command of Ms Office (word, excel, powerpoint, ..etc.)
Has a background in ISO 90001 (worked in such places that took this certificate)
Production section major is preferable, electrical is okay",https://wuzzuf.net/jobs/p/45lysRZRecXG-Junior-Production-Engineer-Delta-Egypt-For-Lighting-Cairo-Egypt?o=5&l=sp&t=sj&a=Machine Learning Engineer|search-v3|navbg
Senior Research Scientist,More Than 4 Years,"Cairo, Egypt",7 days ago,Confidential,Atomica,Full Time,"Atomica.ai is a US-based company that helps doctors provide the best patient care possible using the power of AI, Robotics, and 3D Printing. 

As a senior research scientist, you will have the opportunity to conduct applied research in any of our fields, including machine learning, image segmentation, image registration, 3D reconstruction, computational geometry, robotics, and many more.
Typical tasks include:
Researching and solving a wider range of complex problems in any of the following fields of image processing, computer graphics, computer vision, computational geometry, and robotics.
Designing and implementing state-of-the-art solutions and algorithms
Working in close collaboration with software engineers to build solutions
What we offer
Utilize your technical skills to contribute to creative and exciting projects to improve patients’ lives
See your work integrated into actual medical products used during surgeries
Be part of a young, dynamic, and highly skilled team where you can both have an impact and continue to learn
Benefit from flexible working hours
Earn a competitive salary based on your experience","Skills and requirements
Msc or PhD in a relevant field (e.g. Computer Science, Machine Learning, Applied Mathematics, Engineering)
Strong Track record in your area of research.
Strong programming skills, especially in C++
Ability to conduct applied research independently",https://wuzzuf.net/jobs/p/WjuL0LeHiwuo-Senior-Research-Scientist-Atomica-Cairo-Egypt?o=6&l=sp&t=sj&a=Machine Learning Engineer|search-v3|navbg
Data Scientist,More Than 3 Years,"Nasr City, Cairo, Egypt",11 days ago,Confidential,BlinkApp,Full Time,"Selecting features, building and optimizing models using machine learning techniques 
Data mining using state-of-the-art methods
Enhancing data collection procedures to include information that is relevant for building analytic systems
Processing, cleansing, and verifying the integrity of data used for analysis
Doing ad-hoc analysis and presenting results in a clear manner
Creating automated anomaly detection systems and constant tracking of its performance","Bachelor or Master’s Degree with an emphasis on Computer Science or Engineering
At least three years’ experience in data science projects
Excellent understanding of machine learning techniques and algorithms, such as Gradient boosting, Naive Bayes, RNNs, CNNs, k-NN, SVM, Random Forests, etc.
Experience with common data science toolkits, such as (NumPy, Matplotlib, pandas, Tensorflow/Pytorch, sklearn,seaborn, …etc.)
 Experience with NLP.
 Experience with Dataiku data science studio.
 Great communication skills 
Experience with data visualization tools, such as D3.js, Tableau, etc. 
Proficiency in using query languages such as SQL, Hive, Impala 
Experience with NoSQL databases, such as MongoDB, Cassandra, HBase
Good applied statistics skills, such as distributions, statistical testing, regression, etc.
Good scripting and programming skills
Data-oriented personality",https://wuzzuf.net/jobs/p/MXunj0kftZ1D-Data-Scientist-BlinkApp-Cairo-Egypt?o=7&l=sp&t=sj&a=Machine Learning Engineer|search-v3|navbg
Training Section Head,10 To 20 Years,"6th of October, Giza, Egypt",1 month ago,10000 To 15000 EGP Per Month,Giza Cable Industries,Full Time,"Identify and assess the training needs of the organization through job analysis, career paths and consultation with managers.
Research new training supplies and materials that can enhance a firm’s training procedures while providing value to employees.
Resolve any specific problems and tailor training programs as necessary.
 Conduct orientation programs and arranging on-the-job training for new hires.
Present all the technical and supply training requirements.
Prepare budget for training programs and workshops
Develop training resources, tools, processes and facilities as appropriate.
Ensures regulatory compliance of the technical training portfolio and metrics.
Follow OHS policies and procedures & participate in the company safety programs.","Familiarity with modern and traditional training methods.
Good collaboration and teamwork skills, Advanced record-keeping skills.
Good knowledge of talent management and succession planning methods.
Ability to plan, multi-task and manage time effectively and presentation skills.
Proficiency in MS Office and database software.",https://wuzzuf.net/jobs/p/KY4bSeU9W8aU-Training-Section-Head-Giza-Cable-Industries-Giza-Egypt?o=8&l=sp&t=sj&a=Machine Learning Engineer|search-v3|navbg
Outdoor Sales Engineer,2 To 4 Years,"10th of Ramadan City, Cairo, Egypt",17 days ago,"Confidential, Commission , Transportation , Medical Insurance , Social Insurance",ACFET,Full Time,"The candidate will follow the Industrial Areas allocated customers.
Attract new customer and maintain a good following and relationship with the existing ones
Perform sales and marketing efforts for our full range of services and products.( including but not limited internet searching – calling – visit – meeting - tech presentation and support ….. )
Managing and interpreting customer requirements
Plan and modify products to meet customer needs
Preparing client quotations and follow up to deal closing
Offering after-sales support services
Manage the customer needs to ensure the customer satisfaction
Track metrics to ensure targets are hit
Record and update all  sales activity in CRM
Perform marketing support to promote the Company’s image throughout the market sectors.","BSc. Of Electrical Engineering – Power & Electronics and Electrical machine
2-4 years in Instrumentation - automation systems and products - Panel components – Motors and geared motors
Very good in English language, computer skills
Owning a car is a must.
Good communication and negotiation skills.
Able to work in a team or individually.
Presentable & good profile
Self-discipline  and independence
Target oriented, positive attitude, ambitious, flexible, team-spirited, able to learn
10th of Ramadan , Shrouk City , Obour City , Badr City , 6th of october city",https://wuzzuf.net/jobs/p/iDRrxWxaWVh7-Outdoor-Sales-Engineer-ACFET-Cairo-Egypt?o=9&l=sp&t=sj&a=Machine Learning Engineer|search-v3|navbg
Electronics Maintenance Engineer,2 To 3 Years,"Cairo, Egypt",17 days ago,Confidential,Confidential,Full Time,"experience in repair cards
Carrying out troubleshooting and maintenance according to maintenance system approved by the company on time and in line with customer calls and job orders.
Dealing with customer queries and questions.
Maintaining good relations with customer to ensure high customer satisfaction.
Conduct training for customers on the operation of the machine, work precautions and simple service steps.
Work out regular maintenance schedules (PM) for each piece of equipment and carry out the work.
Deal with emergency breakdowns as they occur, in line with customer calls and the job orders.
Provide strong product technical support by:
Acquiring deep technical knowledge of Company products through self learning and cross training.
Researching, diagnose and identify solutions to resolve technical faults.
Documenting knowledge in the form of knowledge data base.
Assist in Sales activities by:
Providing product or service information to assist customers in making a decision about a product to buy.
Helping to generate new sales leads. Provide information about competitors to sales department.
Attempting to sell Customers new products or upgrades. ","BSC in Electronic Engineering (government university  )
Good Leadership skills.
Experience: 1-2 Years of experience in a similar field.
Males.
2 to 3 years Exp",https://wuzzuf.net/jobs/p/Yncr9w7VinnH-Electronics-Maintenance-Engineer-Cairo-Egypt?o=10&l=sp&t=sj&a=Machine Learning Engineer|search-v3|navbg
Application Support Engineer,2 To 4 Years,"Dokki, Giza, Egypt",29 days ago,Confidential,Caelum Egypt,Full Time,"Provide 1st & eventually 2nd level (after good training on company products) support for production issues across multiple applications, including problem identification, definition and implementation of short-term work around and coordination of long term software solution with business analysis and development team.
Setup, configure and maintain monitoring for the deployed systems
Maintain the company knowledge base related to deployment of new applications and resolutions for known issues
Write internal administration guides for the applications and trains the staff in case of new deployment processes are introduced
Install and configure clients’ environments on request - onsite or offsite
Perform advances investigation of issues including network troubleshooting
Diagnose and resolve day-to-day live system issues in timely manner based on their severity
Clear understanding of software development lifecycle methodologies and documentation standards
Maintain ongoing communication with end-users, business analysts, QA team, and development team on reported issues
Coordinate, Review and respond to system audit alerts in a timely manner
Ability to write, modify, and execute SQL queries for SQL database
Configuration of local machines to clone client's production environment for troubleshooting reported issues
Effectively record and monitor progress of all issues raised, providing feedback to the business users as required
Liaise with other support/development teams to resolve cross system issues
Maintain application support documentation
Test configuration changes in a test environment prior to pushing into production
Design and support application reports
Maintain confidentiality with regard to the information being processed, stored or accessed
Read and recognize the function of SQL queries to perform troubleshooting related to application changes and releases","Bachelor degree in Software/Computer Engineering, Computer Sciences, or related field
Minimum of 2 years’ experience in a software development context with minimum 2 year in a support role
Fluent in English is must
Experience in supporting and maintaining applications on desktop, web and database platforms
Solid working knowledge in SQL database is a must
Fluent English is a MUST
Solid experience in CRM systems (Microsoft Dynamics CRM is a plus)
Solid experience in cloud computing platform (Microsoft Azure is a plus)
Business Intelligence knowledge is a plus
Working experience in .NET framework is a plus
Ability to read and understand job-related materials such as instructions, specifications, references and manuals
Ability to work with demanding users in a fast paced environment
Excellent organizational, analytical, as well as oral and written communication skills
Excellent interpersonal and communication skills (oral and written)
Strong critical thinking and analysis, meeting facilitation, verbal and written communications, and interpersonal skills
The ability to explain complicated concepts in a simple manner
Proven documentation skills with consistent accuracy of details
Strong understanding of change control processes, time management and attention to detail
Ability to manage time and work well under pressure
Flexibility to handle multiple work streams at any time
Ability to investigate, analyze information and to draw conclusions in order to troubleshoot issues
Ability to learn and support new applications
Ability to work independently or as part of a team
Proven ability to understand a customer’s business environment and processes
Ability to travel abroad when needed",https://wuzzuf.net/jobs/p/W7hQTnpL8wuO-Application-Support-Engineer-Caelum-Egypt-Giza-Egypt?o=11&l=sp&t=sj&a=Machine Learning Engineer|search-v3|navbg
Senior Java Developer,More Than 5 Years,"New Cairo, Cairo, Egypt",1 month ago,Confidential,Media Sci,Full Time,"Performs a variety of development assignments requiring knowledge of established programming procedures and data processing requirements.
Performs programming activities related to the development of software products, systems, and projects.
Performs technical tasks including unit testing and system integration.
Participates in project estimation and planning.
Develops, modifies, and tests developed code based on architectural and design requirements.
Participates in requirements analysis, design, and deployment and support of software products, systems, and projects.
Understands and follows the Software development process.
Investigates, introduces, advises, and educates others on tools, technologies, and methodologies.
Researches and examines Software alternatives, different technical topics and tools to assess and explore the feasibility of a given requirement.
Coordinate with the Technical Leader on current programming tasks.
Collaborate with other programmers to design and implement features.
Quickly produce well-organized, optimized, and documented source code.
Participates in system analysis and design.
Contribute to technical design documentation.
Work independently when required.
Continuously learn and improve skills.
Attention to detail is essential and all tasks must be carried out to the highest standard
Handling support Activates
Performs product installation and configuration.
Conducts customer training on software programs.","5+ years of related experience,
Graduate of computer science or a related engineering discipline.
OOP concepts and design patterns.
JSP, Servlet, JSF, PrimeFaces, EJB, Spring, JPA, and Hibernate.
Web Services (REST and SOAP).
MySQL, Elasticsearch, JUnit, Maven, and GIT.
Interested in learning machine learning techniques and algorithms such as k-NN, Naive Bayes, SVM, Decision Trees, etc
Interested in learning deep learning frameworks like Deeplearning4j and TensorFlow.
Interested in learning Python and Jupyter Notebook.",https://wuzzuf.net/jobs/p/1TQAeepNOzTT-Senior-Java-Developer-Media-Sci-Cairo-Egypt?o=12&l=sp&t=sj&a=Machine Learning Engineer|search-v3|navbg
Senior Odoo Developer,More Than 5 Years,"New Cairo, Cairo, Egypt",14 days ago,Confidential,Blue Ribbon,Full Time,"Our company is specialized in managing and operating Sports Clubs in partnership with renowned developers.
Welcome to check our website: https://www.blueribbon-inc.com/
We are currently on the search for a Senior Odoo Developer for KODE (www.KODEClubs.com)
Job purpose:
Your mission is being the in-house developer using your expertise in developing or customizing new modules to support the business and ensure best utilization of Odoo ERP and working on the necessary integration with any other tools, apps, systems…etc
What do we expect from you: 
Developing new Odoo modules and customization of existing modules
Designing and developing of application tables, reports, and modules
Integrating Odoo with other business systems and applications
Design, Develop and test Odoo modules, projects, products, and interfaces (Using Python & JavaScript)
Maintain & customize Odoo addons
Create & customize PDF, Excel, Google Sheets & Financial Reports reports
Odoo database & Modules migration
Resolving the complaints by investigating problems and developing solutions through Odoo
Understanding the top management ‘Vision’ and gathering the right requirements from meetings
Channels meetings to understand the current technical environment, key business issues/drivers, and future technology requirements
Documenting all his/her work
Test the newly customized solution according to the documented user stories
Enhance and import data on Odoo","Bachelor's Degree in Computer Sciences or related field
Working experience with Python.
Experience with PHP Laravel, mobile development and machine learning is a plus
At least 5 years of experience of Odoo development
Strong debugging and troubleshooting skills
Strong Technical Knowledge in Object-Oriented Programming Concepts and data structures
Develop apps/features
Experience delivering management dashboards utilizing BI technologies and data warehousing
Working experience with relational database management systems (PostgreSQL, MySQL)
Expertise in HTML, CSS, XML, JavaScript, and JQuery
Solid expertise with GIT or equivalent source control system
Good knowledge of business processes
Experience in setup Odoo servers & databases
Experience in version upgrades and data migration in Odoo
Quick & Autonomous learner",https://wuzzuf.net/jobs/p/agIv6WyiyzOh-Senior-Odoo-Developer-Blue-Ribbon-Cairo-Egypt?o=13&l=sp&t=sj&a=Machine Learning Engineer|search-v3|navbg
Junior Python Developer,More Than 1 Year,"Dokki, Giza, Egypt",11 days ago,Confidential,RDI,Work From Home,"Responsibilities:
Design, develop and test new products while maintaining the existing
Stay up to date with the latest industry trends in software and cloud solutions 
Ensure high code and design quality that fulfills business requirements 
Partner with Machine Learning researchers to improve the performance and reliability of advanced algorithms
Implementation of security and data protection
Writing reusable, testable, and efficient code
Design and implementation of low-latency, high-availability, and performant applications","Qualifications:
Familiarity with some ORM (Object Relational Mapper) libraries
Able to integrate multiple data sources and databases into one system
Understanding the threading limitations of Python, and multi-process architecture
Knowledge of user authentication and authorization between multiple systems, servers, and environments
Understanding of fundamental design principles behind a scalable application
Experience with RESTful API design
Experience with WebSocket
Good documentation skills
Programming languages:
Python
Good knowledge of Java-Script (+ CSS / HTML)
 Frameworks: 
Flask (highly recommended)
Django
 Other technologies:
Docker / Kubernetes 
SQL & NoSQL Databases 
Jenkins/Gitlab (CI & CD) 
GCP ",https://wuzzuf.net/jobs/p/0yvTijkcosNQ-Junior-Python-Developer-RDI-Giza-Egypt?o=14&l=sp&t=sj&a=Machine Learning Engineer|search-v3|navbg
Mechanical Engineer - Pharmaceutical Industry,7 To 10 Years,"6th of October, Giza, Egypt",1 month ago,"Confidential, Bonus Payment",Global Napi Pharmaceuticals,Full Time,"AutoCAD experience
Good command in English
Ability to learn, and work in a team work
background in pneumatic system and hydraulic system","B.Sc. of engineering ( mechanical – power section )
Min. 7 – 10  years of experience in pharmaceuticals field ( solid doses area, semi-solid and automatic packing machine 
Solid experience in automated packaging lines maintenance.
Strong communication skills.
Good experience for pneumatic and hydraulic systems 
Good command of English 
 ",https://wuzzuf.net/jobs/p/csfKrQZUwUg0-Mechanical-Engineer---Pharmaceutical-Industry-Global-Napi-Pharmaceuticals-Giza-Egypt?o=15&l=sp&t=sj&a=Machine Learning Engineer|search-v3|navbg
